{
    "loss": 1.847577691078186,
    "accuracy": 0.8057553768157959
}